{"id": 1500, "label": "107"}
{"id": 1501, "label": "101"}
{"id": 1502, "label": "104"}
{"id": 1503, "label": "112"}
{"id": 1504, "label": "109"}
{"id": 1505, "label": "108"}
{"id": 1506, "label": "115"}
{"id": 1507, "label": "101"}
{"id": 1508, "label": "107"}
{"id": 1509, "label": "101"}
{"id": 1510, "label": "104"}
{"id": 1511, "label": "102"}
{"id": 1512, "label": "101"}
{"id": 1513, "label": "101"}
{"id": 1514, "label": "102"}
{"id": 1515, "label": "101"}
{"id": 1516, "label": "107"}
{"id": 1517, "label": "104"}
{"id": 1518, "label": "102"}
{"id": 1519, "label": "109"}
{"id": 1520, "label": "107"}
{"id": 1521, "label": "101"}
{"id": 1522, "label": "109"}
{"id": 1523, "label": "115"}
{"id": 1524, "label": "104"}
{"id": 1525, "label": "101"}
{"id": 1526, "label": "107"}
{"id": 1527, "label": "115"}
{"id": 1528, "label": "113"}
{"id": 1529, "label": "103"}
{"id": 1530, "label": "115"}
{"id": 1531, "label": "110"}
{"id": 1532, "label": "112"}
{"id": 1533, "label": "109"}
{"id": 1534, "label": "109"}
{"id": 1535, "label": "110"}
{"id": 1536, "label": "103"}
{"id": 1537, "label": "101"}
{"id": 1538, "label": "104"}
{"id": 1539, "label": "107"}
{"id": 1540, "label": "107"}
{"id": 1541, "label": "101"}
{"id": 1542, "label": "113"}
{"id": 1543, "label": "112"}
{"id": 1544, "label": "112"}
{"id": 1545, "label": "101"}
{"id": 1546, "label": "100"}
{"id": 1547, "label": "113"}
{"id": 1548, "label": "101"}
{"id": 1549, "label": "107"}
{"id": 1550, "label": "106"}
{"id": 1551, "label": "104"}
{"id": 1552, "label": "109"}
{"id": 1553, "label": "110"}
{"id": 1554, "label": "112"}
{"id": 1555, "label": "103"}
{"id": 1556, "label": "104"}
{"id": 1557, "label": "101"}
{"id": 1558, "label": "109"}
{"id": 1559, "label": "107"}
{"id": 1560, "label": "104"}
{"id": 1561, "label": "101"}
{"id": 1562, "label": "107"}
{"id": 1563, "label": "112"}
{"id": 1564, "label": "101"}
{"id": 1565, "label": "104"}
{"id": 1566, "label": "101"}
{"id": 1567, "label": "101"}
{"id": 1568, "label": "101"}
{"id": 1569, "label": "106"}
{"id": 1570, "label": "102"}
{"id": 1571, "label": "104"}
{"id": 1572, "label": "113"}
{"id": 1573, "label": "101"}
{"id": 1574, "label": "101"}
{"id": 1575, "label": "112"}
{"id": 1576, "label": "101"}
{"id": 1577, "label": "101"}
{"id": 1578, "label": "109"}
{"id": 1579, "label": "103"}
{"id": 1580, "label": "104"}
{"id": 1581, "label": "101"}
{"id": 1582, "label": "106"}
{"id": 1583, "label": "106"}
{"id": 1584, "label": "109"}
{"id": 1585, "label": "115"}
{"id": 1586, "label": "115"}
{"id": 1587, "label": "110"}
{"id": 1588, "label": "107"}
{"id": 1589, "label": "102"}
{"id": 1590, "label": "101"}
{"id": 1591, "label": "109"}
{"id": 1592, "label": "109"}
{"id": 1593, "label": "109"}
{"id": 1594, "label": "101"}
{"id": 1595, "label": "113"}
{"id": 1596, "label": "104"}
{"id": 1597, "label": "103"}
{"id": 1598, "label": "110"}
{"id": 1599, "label": "101"}
{"id": 1600, "label": "112"}
{"id": 1601, "label": "110"}
{"id": 1602, "label": "112"}
{"id": 1603, "label": "102"}
{"id": 1604, "label": "102"}
{"id": 1605, "label": "102"}
{"id": 1606, "label": "107"}
{"id": 1607, "label": "101"}
{"id": 1608, "label": "109"}
{"id": 1609, "label": "113"}
{"id": 1610, "label": "115"}
{"id": 1611, "label": "107"}
{"id": 1612, "label": "103"}
{"id": 1613, "label": "109"}
{"id": 1614, "label": "102"}
{"id": 1615, "label": "101"}
{"id": 1616, "label": "102"}
{"id": 1617, "label": "102"}
{"id": 1618, "label": "112"}
{"id": 1619, "label": "104"}
{"id": 1620, "label": "107"}
{"id": 1621, "label": "109"}
{"id": 1622, "label": "115"}
{"id": 1623, "label": "103"}
{"id": 1624, "label": "101"}
{"id": 1625, "label": "109"}
{"id": 1626, "label": "109"}
{"id": 1627, "label": "109"}
{"id": 1628, "label": "115"}
{"id": 1629, "label": "101"}
{"id": 1630, "label": "108"}
{"id": 1631, "label": "104"}
{"id": 1632, "label": "101"}
{"id": 1633, "label": "101"}
{"id": 1634, "label": "100"}
{"id": 1635, "label": "109"}
{"id": 1636, "label": "109"}
{"id": 1637, "label": "104"}
{"id": 1638, "label": "101"}
{"id": 1639, "label": "102"}
{"id": 1640, "label": "101"}
{"id": 1641, "label": "101"}
{"id": 1642, "label": "107"}
{"id": 1643, "label": "101"}
{"id": 1644, "label": "103"}
{"id": 1645, "label": "102"}
{"id": 1646, "label": "101"}
{"id": 1647, "label": "103"}
{"id": 1648, "label": "107"}
{"id": 1649, "label": "115"}
{"id": 1650, "label": "115"}
{"id": 1651, "label": "115"}
{"id": 1652, "label": "103"}
{"id": 1653, "label": "115"}
{"id": 1654, "label": "103"}
{"id": 1655, "label": "107"}
{"id": 1656, "label": "101"}
{"id": 1657, "label": "109"}
{"id": 1658, "label": "110"}
{"id": 1659, "label": "107"}
{"id": 1660, "label": "101"}
{"id": 1661, "label": "114"}
{"id": 1662, "label": "107"}
{"id": 1663, "label": "101"}
{"id": 1664, "label": "113"}
{"id": 1665, "label": "110"}
{"id": 1666, "label": "107"}
{"id": 1667, "label": "112"}
{"id": 1668, "label": "110"}
{"id": 1669, "label": "104"}
{"id": 1670, "label": "101"}
{"id": 1671, "label": "102"}
{"id": 1672, "label": "115"}
{"id": 1673, "label": "115"}
{"id": 1674, "label": "103"}
{"id": 1675, "label": "101"}
{"id": 1676, "label": "108"}
{"id": 1677, "label": "115"}
{"id": 1678, "label": "109"}
{"id": 1679, "label": "115"}
{"id": 1680, "label": "109"}
{"id": 1681, "label": "103"}
{"id": 1682, "label": "107"}
{"id": 1683, "label": "101"}
{"id": 1684, "label": "108"}
{"id": 1685, "label": "104"}
{"id": 1686, "label": "109"}
{"id": 1687, "label": "110"}
{"id": 1688, "label": "107"}
{"id": 1689, "label": "101"}
{"id": 1690, "label": "101"}
{"id": 1691, "label": "113"}
{"id": 1692, "label": "109"}
{"id": 1693, "label": "108"}
{"id": 1694, "label": "101"}
{"id": 1695, "label": "112"}
{"id": 1696, "label": "101"}
{"id": 1697, "label": "107"}
{"id": 1698, "label": "104"}
{"id": 1699, "label": "113"}
{"id": 1700, "label": "112"}
{"id": 1701, "label": "104"}
{"id": 1702, "label": "109"}
{"id": 1703, "label": "104"}
{"id": 1704, "label": "109"}
{"id": 1705, "label": "110"}
{"id": 1706, "label": "104"}
{"id": 1707, "label": "107"}
{"id": 1708, "label": "107"}
{"id": 1709, "label": "113"}
{"id": 1710, "label": "110"}
{"id": 1711, "label": "101"}
{"id": 1712, "label": "104"}
{"id": 1713, "label": "101"}
{"id": 1714, "label": "109"}
{"id": 1715, "label": "104"}
{"id": 1716, "label": "106"}
{"id": 1717, "label": "109"}
{"id": 1718, "label": "115"}
{"id": 1719, "label": "109"}
{"id": 1720, "label": "112"}
{"id": 1721, "label": "115"}
{"id": 1722, "label": "115"}
{"id": 1723, "label": "106"}
{"id": 1724, "label": "109"}
{"id": 1725, "label": "109"}
{"id": 1726, "label": "101"}
{"id": 1727, "label": "112"}
{"id": 1728, "label": "115"}
{"id": 1729, "label": "104"}
{"id": 1730, "label": "113"}
{"id": 1731, "label": "106"}
{"id": 1732, "label": "109"}
{"id": 1733, "label": "115"}
{"id": 1734, "label": "113"}
{"id": 1735, "label": "107"}
{"id": 1736, "label": "113"}
{"id": 1737, "label": "103"}
{"id": 1738, "label": "109"}
{"id": 1739, "label": "115"}
{"id": 1740, "label": "101"}
{"id": 1741, "label": "109"}
{"id": 1742, "label": "101"}
{"id": 1743, "label": "113"}
{"id": 1744, "label": "107"}
{"id": 1745, "label": "101"}
{"id": 1746, "label": "109"}
{"id": 1747, "label": "113"}
{"id": 1748, "label": "104"}
{"id": 1749, "label": "113"}
{"id": 1750, "label": "113"}
{"id": 1751, "label": "113"}
{"id": 1752, "label": "102"}
{"id": 1753, "label": "102"}
{"id": 1754, "label": "107"}
{"id": 1755, "label": "104"}
{"id": 1756, "label": "113"}
{"id": 1757, "label": "108"}
{"id": 1758, "label": "109"}
{"id": 1759, "label": "102"}
{"id": 1760, "label": "109"}
{"id": 1761, "label": "109"}
{"id": 1762, "label": "101"}
{"id": 1763, "label": "108"}
{"id": 1764, "label": "113"}
{"id": 1765, "label": "109"}
{"id": 1766, "label": "101"}
{"id": 1767, "label": "107"}
{"id": 1768, "label": "107"}
{"id": 1769, "label": "101"}
{"id": 1770, "label": "107"}
{"id": 1771, "label": "112"}
{"id": 1772, "label": "102"}
{"id": 1773, "label": "110"}
{"id": 1774, "label": "101"}
{"id": 1775, "label": "108"}
{"id": 1776, "label": "107"}
{"id": 1777, "label": "107"}
{"id": 1778, "label": "104"}
{"id": 1779, "label": "102"}
{"id": 1780, "label": "108"}
{"id": 1781, "label": "108"}
{"id": 1782, "label": "108"}
{"id": 1783, "label": "113"}
{"id": 1784, "label": "101"}
{"id": 1785, "label": "106"}
{"id": 1786, "label": "115"}
{"id": 1787, "label": "101"}
{"id": 1788, "label": "101"}
{"id": 1789, "label": "101"}
{"id": 1790, "label": "107"}
{"id": 1791, "label": "101"}
{"id": 1792, "label": "113"}
{"id": 1793, "label": "104"}
{"id": 1794, "label": "102"}
{"id": 1795, "label": "115"}
{"id": 1796, "label": "109"}
{"id": 1797, "label": "112"}
{"id": 1798, "label": "102"}
{"id": 1799, "label": "101"}
{"id": 1800, "label": "107"}
{"id": 1801, "label": "110"}
{"id": 1802, "label": "104"}
{"id": 1803, "label": "104"}
{"id": 1804, "label": "104"}
{"id": 1805, "label": "113"}
{"id": 1806, "label": "109"}
{"id": 1807, "label": "104"}
{"id": 1808, "label": "102"}
{"id": 1809, "label": "115"}
{"id": 1810, "label": "101"}
{"id": 1811, "label": "113"}
{"id": 1812, "label": "110"}
{"id": 1813, "label": "102"}
{"id": 1814, "label": "113"}
{"id": 1815, "label": "107"}
{"id": 1816, "label": "106"}
{"id": 1817, "label": "109"}
{"id": 1818, "label": "115"}
{"id": 1819, "label": "103"}
{"id": 1820, "label": "112"}
{"id": 1821, "label": "102"}
{"id": 1822, "label": "109"}
{"id": 1823, "label": "101"}
{"id": 1824, "label": "100"}
{"id": 1825, "label": "115"}
{"id": 1826, "label": "104"}
{"id": 1827, "label": "109"}
{"id": 1828, "label": "112"}
{"id": 1829, "label": "110"}
{"id": 1830, "label": "108"}
{"id": 1831, "label": "101"}
{"id": 1832, "label": "102"}
{"id": 1833, "label": "112"}
{"id": 1834, "label": "107"}
{"id": 1835, "label": "101"}
{"id": 1836, "label": "108"}
{"id": 1837, "label": "110"}
{"id": 1838, "label": "100"}
{"id": 1839, "label": "101"}
{"id": 1840, "label": "110"}
{"id": 1841, "label": "108"}
{"id": 1842, "label": "101"}
{"id": 1843, "label": "110"}
{"id": 1844, "label": "101"}
{"id": 1845, "label": "109"}
{"id": 1846, "label": "112"}
{"id": 1847, "label": "104"}
{"id": 1848, "label": "101"}
{"id": 1849, "label": "112"}
{"id": 1850, "label": "101"}
{"id": 1851, "label": "101"}
{"id": 1852, "label": "109"}
{"id": 1853, "label": "107"}
{"id": 1854, "label": "103"}
{"id": 1855, "label": "115"}
{"id": 1856, "label": "109"}
{"id": 1857, "label": "108"}
{"id": 1858, "label": "104"}
{"id": 1859, "label": "107"}
{"id": 1860, "label": "102"}
{"id": 1861, "label": "104"}
{"id": 1862, "label": "110"}
{"id": 1863, "label": "102"}
{"id": 1864, "label": "102"}
{"id": 1865, "label": "101"}
{"id": 1866, "label": "102"}
{"id": 1867, "label": "115"}
{"id": 1868, "label": "101"}
{"id": 1869, "label": "103"}
{"id": 1870, "label": "108"}
{"id": 1871, "label": "113"}
{"id": 1872, "label": "107"}
{"id": 1873, "label": "100"}
{"id": 1874, "label": "102"}
{"id": 1875, "label": "109"}
{"id": 1876, "label": "109"}
{"id": 1877, "label": "104"}
{"id": 1878, "label": "112"}
{"id": 1879, "label": "104"}
{"id": 1880, "label": "107"}
{"id": 1881, "label": "107"}
{"id": 1882, "label": "107"}
{"id": 1883, "label": "115"}
{"id": 1884, "label": "103"}
{"id": 1885, "label": "107"}
{"id": 1886, "label": "109"}
{"id": 1887, "label": "101"}
{"id": 1888, "label": "107"}
{"id": 1889, "label": "102"}
{"id": 1890, "label": "113"}
{"id": 1891, "label": "104"}
{"id": 1892, "label": "103"}
{"id": 1893, "label": "103"}
{"id": 1894, "label": "109"}
{"id": 1895, "label": "110"}
{"id": 1896, "label": "108"}
{"id": 1897, "label": "108"}
{"id": 1898, "label": "102"}
{"id": 1899, "label": "103"}
{"id": 1900, "label": "103"}
{"id": 1901, "label": "112"}
{"id": 1902, "label": "101"}
{"id": 1903, "label": "113"}
{"id": 1904, "label": "108"}
{"id": 1905, "label": "103"}
{"id": 1906, "label": "108"}
{"id": 1907, "label": "101"}
{"id": 1908, "label": "103"}
{"id": 1909, "label": "101"}
{"id": 1910, "label": "104"}
{"id": 1911, "label": "101"}
{"id": 1912, "label": "104"}
{"id": 1913, "label": "108"}
{"id": 1914, "label": "106"}
{"id": 1915, "label": "112"}
{"id": 1916, "label": "104"}
{"id": 1917, "label": "109"}
{"id": 1918, "label": "113"}
{"id": 1919, "label": "102"}
{"id": 1920, "label": "107"}
{"id": 1921, "label": "101"}
{"id": 1922, "label": "107"}
{"id": 1923, "label": "107"}
{"id": 1924, "label": "101"}
{"id": 1925, "label": "101"}
{"id": 1926, "label": "104"}
{"id": 1927, "label": "104"}
{"id": 1928, "label": "104"}
{"id": 1929, "label": "104"}
{"id": 1930, "label": "104"}
{"id": 1931, "label": "112"}
{"id": 1932, "label": "104"}
{"id": 1933, "label": "113"}
{"id": 1934, "label": "101"}
{"id": 1935, "label": "102"}
{"id": 1936, "label": "103"}
{"id": 1937, "label": "103"}
{"id": 1938, "label": "101"}
{"id": 1939, "label": "108"}
{"id": 1940, "label": "107"}
{"id": 1941, "label": "112"}
{"id": 1942, "label": "106"}
{"id": 1943, "label": "104"}
{"id": 1944, "label": "104"}
{"id": 1945, "label": "107"}
{"id": 1946, "label": "115"}
{"id": 1947, "label": "101"}
{"id": 1948, "label": "101"}
{"id": 1949, "label": "109"}
{"id": 1950, "label": "101"}
{"id": 1951, "label": "110"}
{"id": 1952, "label": "104"}
{"id": 1953, "label": "107"}
{"id": 1954, "label": "115"}
{"id": 1955, "label": "110"}
{"id": 1956, "label": "104"}
{"id": 1957, "label": "101"}
{"id": 1958, "label": "102"}
{"id": 1959, "label": "109"}
{"id": 1960, "label": "101"}
{"id": 1961, "label": "101"}
{"id": 1962, "label": "102"}
{"id": 1963, "label": "110"}
{"id": 1964, "label": "107"}
{"id": 1965, "label": "108"}
{"id": 1966, "label": "113"}
{"id": 1967, "label": "108"}
{"id": 1968, "label": "112"}
{"id": 1969, "label": "115"}
{"id": 1970, "label": "109"}
{"id": 1971, "label": "102"}
{"id": 1972, "label": "107"}
{"id": 1973, "label": "103"}
{"id": 1974, "label": "102"}
{"id": 1975, "label": "107"}
{"id": 1976, "label": "104"}
{"id": 1977, "label": "101"}
{"id": 1978, "label": "101"}
{"id": 1979, "label": "112"}
{"id": 1980, "label": "108"}
{"id": 1981, "label": "104"}
{"id": 1982, "label": "115"}
{"id": 1983, "label": "115"}
{"id": 1984, "label": "101"}
{"id": 1985, "label": "110"}
{"id": 1986, "label": "101"}
{"id": 1987, "label": "107"}
{"id": 1988, "label": "101"}
{"id": 1989, "label": "115"}
{"id": 1990, "label": "104"}
{"id": 1991, "label": "103"}
{"id": 1992, "label": "108"}
{"id": 1993, "label": "101"}
{"id": 1994, "label": "102"}
{"id": 1995, "label": "101"}
{"id": 1996, "label": "102"}
{"id": 1997, "label": "104"}
{"id": 1998, "label": "107"}
{"id": 1999, "label": "110"}
{"id": 2000, "label": "107"}
{"id": 2001, "label": "101"}
{"id": 2002, "label": "101"}
{"id": 2003, "label": "101"}
{"id": 2004, "label": "115"}
{"id": 2005, "label": "112"}
{"id": 2006, "label": "107"}
{"id": 2007, "label": "101"}
{"id": 2008, "label": "103"}
{"id": 2009, "label": "110"}
{"id": 2010, "label": "101"}
{"id": 2011, "label": "108"}
{"id": 2012, "label": "104"}
{"id": 2013, "label": "109"}
{"id": 2014, "label": "101"}
{"id": 2015, "label": "103"}
{"id": 2016, "label": "110"}
{"id": 2017, "label": "115"}
{"id": 2018, "label": "103"}
{"id": 2019, "label": "110"}
{"id": 2020, "label": "112"}
{"id": 2021, "label": "115"}
{"id": 2022, "label": "112"}
{"id": 2023, "label": "104"}
{"id": 2024, "label": "112"}
{"id": 2025, "label": "107"}
{"id": 2026, "label": "112"}
{"id": 2027, "label": "101"}
{"id": 2028, "label": "102"}
{"id": 2029, "label": "113"}
{"id": 2030, "label": "115"}
{"id": 2031, "label": "101"}
{"id": 2032, "label": "115"}
{"id": 2033, "label": "104"}
{"id": 2034, "label": "101"}
{"id": 2035, "label": "103"}
{"id": 2036, "label": "113"}
{"id": 2037, "label": "110"}
{"id": 2038, "label": "101"}
{"id": 2039, "label": "108"}
{"id": 2040, "label": "116"}
{"id": 2041, "label": "104"}
{"id": 2042, "label": "115"}
{"id": 2043, "label": "112"}
{"id": 2044, "label": "103"}
{"id": 2045, "label": "106"}
{"id": 2046, "label": "109"}
{"id": 2047, "label": "115"}
{"id": 2048, "label": "103"}
{"id": 2049, "label": "102"}
{"id": 2050, "label": "101"}
{"id": 2051, "label": "104"}
{"id": 2052, "label": "102"}
{"id": 2053, "label": "101"}
{"id": 2054, "label": "108"}
{"id": 2055, "label": "108"}
{"id": 2056, "label": "104"}
{"id": 2057, "label": "109"}
{"id": 2058, "label": "113"}
{"id": 2059, "label": "104"}
{"id": 2060, "label": "112"}
{"id": 2061, "label": "102"}
{"id": 2062, "label": "108"}
{"id": 2063, "label": "104"}
{"id": 2064, "label": "101"}
{"id": 2065, "label": "109"}
{"id": 2066, "label": "101"}
{"id": 2067, "label": "101"}
{"id": 2068, "label": "110"}
{"id": 2069, "label": "102"}
{"id": 2070, "label": "107"}
{"id": 2071, "label": "104"}
{"id": 2072, "label": "108"}
{"id": 2073, "label": "115"}
{"id": 2074, "label": "113"}
{"id": 2075, "label": "107"}
{"id": 2076, "label": "102"}
{"id": 2077, "label": "101"}
{"id": 2078, "label": "104"}
{"id": 2079, "label": "109"}
{"id": 2080, "label": "110"}
{"id": 2081, "label": "103"}
{"id": 2082, "label": "113"}
{"id": 2083, "label": "113"}
{"id": 2084, "label": "107"}
{"id": 2085, "label": "102"}
{"id": 2086, "label": "101"}
{"id": 2087, "label": "101"}
{"id": 2088, "label": "113"}
{"id": 2089, "label": "101"}
{"id": 2090, "label": "101"}
{"id": 2091, "label": "101"}
{"id": 2092, "label": "104"}
{"id": 2093, "label": "115"}
{"id": 2094, "label": "113"}
{"id": 2095, "label": "104"}
{"id": 2096, "label": "104"}
{"id": 2097, "label": "101"}
{"id": 2098, "label": "112"}
{"id": 2099, "label": "108"}
{"id": 2100, "label": "114"}
{"id": 2101, "label": "109"}
{"id": 2102, "label": "102"}
{"id": 2103, "label": "106"}
{"id": 2104, "label": "113"}
{"id": 2105, "label": "104"}
{"id": 2106, "label": "101"}
{"id": 2107, "label": "112"}
{"id": 2108, "label": "113"}
{"id": 2109, "label": "107"}
{"id": 2110, "label": "104"}
{"id": 2111, "label": "108"}
{"id": 2112, "label": "108"}
{"id": 2113, "label": "109"}
{"id": 2114, "label": "101"}
{"id": 2115, "label": "107"}
{"id": 2116, "label": "113"}
{"id": 2117, "label": "104"}
{"id": 2118, "label": "108"}
{"id": 2119, "label": "113"}
{"id": 2120, "label": "102"}
{"id": 2121, "label": "108"}
{"id": 2122, "label": "104"}
{"id": 2123, "label": "115"}
{"id": 2124, "label": "112"}
{"id": 2125, "label": "101"}
{"id": 2126, "label": "107"}
{"id": 2127, "label": "107"}
{"id": 2128, "label": "112"}
{"id": 2129, "label": "102"}
{"id": 2130, "label": "102"}
{"id": 2131, "label": "104"}
{"id": 2132, "label": "102"}
{"id": 2133, "label": "108"}
{"id": 2134, "label": "108"}
{"id": 2135, "label": "110"}
{"id": 2136, "label": "101"}
{"id": 2137, "label": "109"}
{"id": 2138, "label": "107"}
{"id": 2139, "label": "109"}
{"id": 2140, "label": "101"}
{"id": 2141, "label": "110"}
{"id": 2142, "label": "109"}
{"id": 2143, "label": "113"}
{"id": 2144, "label": "112"}
{"id": 2145, "label": "115"}
{"id": 2146, "label": "110"}
{"id": 2147, "label": "101"}
{"id": 2148, "label": "112"}
{"id": 2149, "label": "108"}
{"id": 2150, "label": "101"}
{"id": 2151, "label": "113"}
{"id": 2152, "label": "108"}
{"id": 2153, "label": "101"}
{"id": 2154, "label": "113"}
{"id": 2155, "label": "104"}
{"id": 2156, "label": "107"}
{"id": 2157, "label": "110"}
{"id": 2158, "label": "110"}
{"id": 2159, "label": "103"}
{"id": 2160, "label": "108"}
{"id": 2161, "label": "108"}
{"id": 2162, "label": "109"}
{"id": 2163, "label": "115"}
{"id": 2164, "label": "109"}
{"id": 2165, "label": "101"}
{"id": 2166, "label": "107"}
{"id": 2167, "label": "112"}
{"id": 2168, "label": "101"}
{"id": 2169, "label": "104"}
{"id": 2170, "label": "109"}
{"id": 2171, "label": "115"}
{"id": 2172, "label": "110"}
{"id": 2173, "label": "101"}
{"id": 2174, "label": "110"}
{"id": 2175, "label": "113"}
{"id": 2176, "label": "109"}
{"id": 2177, "label": "101"}
{"id": 2178, "label": "104"}
{"id": 2179, "label": "108"}
{"id": 2180, "label": "107"}
{"id": 2181, "label": "110"}
{"id": 2182, "label": "109"}
{"id": 2183, "label": "110"}
{"id": 2184, "label": "108"}
{"id": 2185, "label": "107"}
{"id": 2186, "label": "103"}
{"id": 2187, "label": "107"}
{"id": 2188, "label": "101"}
{"id": 2189, "label": "110"}
{"id": 2190, "label": "108"}
{"id": 2191, "label": "106"}
{"id": 2192, "label": "102"}
{"id": 2193, "label": "101"}
{"id": 2194, "label": "102"}
{"id": 2195, "label": "102"}
{"id": 2196, "label": "112"}
{"id": 2197, "label": "101"}
{"id": 2198, "label": "101"}
{"id": 2199, "label": "100"}
{"id": 2200, "label": "110"}
{"id": 2201, "label": "107"}
{"id": 2202, "label": "106"}
{"id": 2203, "label": "104"}
{"id": 2204, "label": "109"}
{"id": 2205, "label": "104"}
{"id": 2206, "label": "110"}
{"id": 2207, "label": "101"}
{"id": 2208, "label": "102"}
{"id": 2209, "label": "106"}
{"id": 2210, "label": "104"}
{"id": 2211, "label": "102"}
{"id": 2212, "label": "101"}
{"id": 2213, "label": "113"}
{"id": 2214, "label": "115"}
{"id": 2215, "label": "109"}
{"id": 2216, "label": "103"}
{"id": 2217, "label": "104"}
{"id": 2218, "label": "108"}
{"id": 2219, "label": "110"}
{"id": 2220, "label": "104"}
{"id": 2221, "label": "108"}
{"id": 2222, "label": "107"}
{"id": 2223, "label": "108"}
{"id": 2224, "label": "112"}
{"id": 2225, "label": "112"}
{"id": 2226, "label": "104"}
{"id": 2227, "label": "101"}
{"id": 2228, "label": "107"}
{"id": 2229, "label": "113"}
{"id": 2230, "label": "104"}
{"id": 2231, "label": "101"}
{"id": 2232, "label": "104"}
{"id": 2233, "label": "107"}
{"id": 2234, "label": "102"}
{"id": 2235, "label": "113"}
{"id": 2236, "label": "101"}
{"id": 2237, "label": "112"}
{"id": 2238, "label": "103"}
{"id": 2239, "label": "104"}
{"id": 2240, "label": "101"}
{"id": 2241, "label": "103"}
{"id": 2242, "label": "109"}
{"id": 2243, "label": "108"}
{"id": 2244, "label": "110"}
{"id": 2245, "label": "101"}
{"id": 2246, "label": "112"}
{"id": 2247, "label": "113"}
{"id": 2248, "label": "110"}
{"id": 2249, "label": "104"}
{"id": 2250, "label": "110"}
{"id": 2251, "label": "101"}
{"id": 2252, "label": "108"}
{"id": 2253, "label": "110"}
{"id": 2254, "label": "102"}
{"id": 2255, "label": "108"}
{"id": 2256, "label": "104"}
{"id": 2257, "label": "110"}
{"id": 2258, "label": "107"}
{"id": 2259, "label": "103"}
{"id": 2260, "label": "115"}
{"id": 2261, "label": "103"}
{"id": 2262, "label": "104"}
{"id": 2263, "label": "112"}
{"id": 2264, "label": "113"}
{"id": 2265, "label": "110"}
{"id": 2266, "label": "112"}
{"id": 2267, "label": "101"}
{"id": 2268, "label": "104"}
{"id": 2269, "label": "109"}
{"id": 2270, "label": "102"}
{"id": 2271, "label": "112"}
{"id": 2272, "label": "101"}
{"id": 2273, "label": "103"}
{"id": 2274, "label": "104"}
{"id": 2275, "label": "104"}
{"id": 2276, "label": "113"}
{"id": 2277, "label": "101"}
{"id": 2278, "label": "102"}
{"id": 2279, "label": "107"}
{"id": 2280, "label": "103"}
{"id": 2281, "label": "110"}
{"id": 2282, "label": "104"}
{"id": 2283, "label": "110"}
{"id": 2284, "label": "101"}
{"id": 2285, "label": "110"}
{"id": 2286, "label": "102"}
{"id": 2287, "label": "112"}
{"id": 2288, "label": "102"}
{"id": 2289, "label": "112"}
{"id": 2290, "label": "107"}
{"id": 2291, "label": "113"}
{"id": 2292, "label": "108"}
{"id": 2293, "label": "108"}
{"id": 2294, "label": "101"}
{"id": 2295, "label": "101"}
{"id": 2296, "label": "101"}
{"id": 2297, "label": "110"}
{"id": 2298, "label": "109"}
{"id": 2299, "label": "110"}
{"id": 2300, "label": "112"}
{"id": 2301, "label": "101"}
{"id": 2302, "label": "109"}
{"id": 2303, "label": "107"}
{"id": 2304, "label": "104"}
{"id": 2305, "label": "104"}
{"id": 2306, "label": "110"}
{"id": 2307, "label": "109"}
{"id": 2308, "label": "115"}
{"id": 2309, "label": "108"}
{"id": 2310, "label": "108"}
{"id": 2311, "label": "113"}
{"id": 2312, "label": "104"}
{"id": 2313, "label": "104"}
{"id": 2314, "label": "110"}
{"id": 2315, "label": "112"}
{"id": 2316, "label": "112"}
{"id": 2317, "label": "104"}
{"id": 2318, "label": "110"}
{"id": 2319, "label": "110"}
{"id": 2320, "label": "103"}
{"id": 2321, "label": "104"}
{"id": 2322, "label": "104"}
{"id": 2323, "label": "107"}
{"id": 2324, "label": "113"}
{"id": 2325, "label": "116"}
{"id": 2326, "label": "104"}
{"id": 2327, "label": "104"}
{"id": 2328, "label": "113"}
{"id": 2329, "label": "101"}
{"id": 2330, "label": "110"}
{"id": 2331, "label": "102"}
{"id": 2332, "label": "104"}
{"id": 2333, "label": "101"}
{"id": 2334, "label": "101"}
{"id": 2335, "label": "104"}
{"id": 2336, "label": "112"}
{"id": 2337, "label": "109"}
{"id": 2338, "label": "110"}
{"id": 2339, "label": "112"}
{"id": 2340, "label": "104"}
{"id": 2341, "label": "110"}
{"id": 2342, "label": "112"}
{"id": 2343, "label": "115"}
{"id": 2344, "label": "115"}
{"id": 2345, "label": "110"}
{"id": 2346, "label": "110"}
{"id": 2347, "label": "102"}
{"id": 2348, "label": "107"}
{"id": 2349, "label": "108"}
{"id": 2350, "label": "104"}
{"id": 2351, "label": "104"}
{"id": 2352, "label": "112"}
{"id": 2353, "label": "104"}
{"id": 2354, "label": "108"}
{"id": 2355, "label": "101"}
{"id": 2356, "label": "109"}
{"id": 2357, "label": "104"}
{"id": 2358, "label": "110"}
{"id": 2359, "label": "101"}
{"id": 2360, "label": "115"}
{"id": 2361, "label": "103"}
{"id": 2362, "label": "101"}
{"id": 2363, "label": "110"}
{"id": 2364, "label": "113"}
{"id": 2365, "label": "104"}
{"id": 2366, "label": "104"}
{"id": 2367, "label": "102"}
{"id": 2368, "label": "103"}
{"id": 2369, "label": "104"}
{"id": 2370, "label": "113"}
{"id": 2371, "label": "107"}
{"id": 2372, "label": "104"}
{"id": 2373, "label": "106"}
{"id": 2374, "label": "113"}
{"id": 2375, "label": "101"}
{"id": 2376, "label": "110"}
{"id": 2377, "label": "102"}
{"id": 2378, "label": "110"}
{"id": 2379, "label": "104"}
{"id": 2380, "label": "107"}
{"id": 2381, "label": "103"}
{"id": 2382, "label": "110"}
{"id": 2383, "label": "102"}
{"id": 2384, "label": "101"}
{"id": 2385, "label": "102"}
{"id": 2386, "label": "109"}
{"id": 2387, "label": "110"}
{"id": 2388, "label": "104"}
{"id": 2389, "label": "103"}
{"id": 2390, "label": "113"}
{"id": 2391, "label": "107"}
{"id": 2392, "label": "107"}
{"id": 2393, "label": "101"}
{"id": 2394, "label": "112"}
{"id": 2395, "label": "108"}
{"id": 2396, "label": "104"}
{"id": 2397, "label": "102"}
{"id": 2398, "label": "115"}
{"id": 2399, "label": "101"}
{"id": 2400, "label": "101"}
{"id": 2401, "label": "102"}
{"id": 2402, "label": "112"}
{"id": 2403, "label": "110"}
{"id": 2404, "label": "109"}
{"id": 2405, "label": "107"}
{"id": 2406, "label": "115"}
{"id": 2407, "label": "113"}
{"id": 2408, "label": "109"}
{"id": 2409, "label": "101"}
{"id": 2410, "label": "113"}
{"id": 2411, "label": "107"}
{"id": 2412, "label": "104"}
{"id": 2413, "label": "107"}
{"id": 2414, "label": "103"}
{"id": 2415, "label": "112"}
{"id": 2416, "label": "112"}
{"id": 2417, "label": "102"}
{"id": 2418, "label": "101"}
{"id": 2419, "label": "109"}
{"id": 2420, "label": "104"}
{"id": 2421, "label": "101"}
{"id": 2422, "label": "104"}
{"id": 2423, "label": "112"}
{"id": 2424, "label": "101"}
{"id": 2425, "label": "112"}
{"id": 2426, "label": "101"}
{"id": 2427, "label": "104"}
{"id": 2428, "label": "107"}
{"id": 2429, "label": "113"}
{"id": 2430, "label": "116"}
{"id": 2431, "label": "104"}
{"id": 2432, "label": "110"}
{"id": 2433, "label": "107"}
{"id": 2434, "label": "101"}
{"id": 2435, "label": "101"}
{"id": 2436, "label": "113"}
{"id": 2437, "label": "107"}
{"id": 2438, "label": "110"}
{"id": 2439, "label": "104"}
{"id": 2440, "label": "102"}
{"id": 2441, "label": "110"}
{"id": 2442, "label": "101"}
{"id": 2443, "label": "104"}
{"id": 2444, "label": "103"}
{"id": 2445, "label": "108"}
{"id": 2446, "label": "104"}
{"id": 2447, "label": "110"}
{"id": 2448, "label": "115"}
{"id": 2449, "label": "104"}
{"id": 2450, "label": "110"}
{"id": 2451, "label": "104"}
{"id": 2452, "label": "108"}
{"id": 2453, "label": "101"}
{"id": 2454, "label": "104"}
{"id": 2455, "label": "101"}
{"id": 2456, "label": "104"}
{"id": 2457, "label": "104"}
{"id": 2458, "label": "110"}
{"id": 2459, "label": "104"}
{"id": 2460, "label": "109"}
{"id": 2461, "label": "110"}
{"id": 2462, "label": "110"}
{"id": 2463, "label": "101"}
{"id": 2464, "label": "104"}
{"id": 2465, "label": "109"}
{"id": 2466, "label": "104"}
{"id": 2467, "label": "115"}
{"id": 2468, "label": "101"}
{"id": 2469, "label": "110"}
{"id": 2470, "label": "115"}
{"id": 2471, "label": "115"}
{"id": 2472, "label": "114"}
{"id": 2473, "label": "104"}
{"id": 2474, "label": "110"}
{"id": 2475, "label": "102"}
{"id": 2476, "label": "109"}
{"id": 2477, "label": "108"}
{"id": 2478, "label": "106"}
{"id": 2479, "label": "104"}
{"id": 2480, "label": "100"}
{"id": 2481, "label": "108"}
{"id": 2482, "label": "101"}
{"id": 2483, "label": "104"}
{"id": 2484, "label": "112"}
{"id": 2485, "label": "101"}
{"id": 2486, "label": "110"}
{"id": 2487, "label": "102"}
{"id": 2488, "label": "110"}
{"id": 2489, "label": "101"}
{"id": 2490, "label": "103"}
{"id": 2491, "label": "107"}
{"id": 2492, "label": "104"}
{"id": 2493, "label": "110"}
{"id": 2494, "label": "101"}
{"id": 2495, "label": "115"}
{"id": 2496, "label": "104"}
{"id": 2497, "label": "101"}
{"id": 2498, "label": "107"}
{"id": 2499, "label": "104"}
{"id": 2500, "label": "113"}
{"id": 2501, "label": "112"}
{"id": 2502, "label": "107"}
{"id": 2503, "label": "104"}
{"id": 2504, "label": "110"}
{"id": 2505, "label": "113"}
{"id": 2506, "label": "112"}
{"id": 2507, "label": "109"}
{"id": 2508, "label": "112"}
{"id": 2509, "label": "101"}
{"id": 2510, "label": "103"}
{"id": 2511, "label": "104"}
{"id": 2512, "label": "113"}
{"id": 2513, "label": "108"}
{"id": 2514, "label": "104"}
{"id": 2515, "label": "110"}
{"id": 2516, "label": "103"}
{"id": 2517, "label": "104"}
{"id": 2518, "label": "107"}
{"id": 2519, "label": "109"}
{"id": 2520, "label": "113"}
{"id": 2521, "label": "110"}
{"id": 2522, "label": "104"}
{"id": 2523, "label": "104"}
{"id": 2524, "label": "110"}
{"id": 2525, "label": "104"}
{"id": 2526, "label": "103"}
{"id": 2527, "label": "102"}
{"id": 2528, "label": "115"}
{"id": 2529, "label": "107"}
{"id": 2530, "label": "101"}
{"id": 2531, "label": "102"}
{"id": 2532, "label": "115"}
{"id": 2533, "label": "110"}
{"id": 2534, "label": "101"}
{"id": 2535, "label": "104"}
{"id": 2536, "label": "102"}
{"id": 2537, "label": "107"}
{"id": 2538, "label": "103"}
{"id": 2539, "label": "104"}
{"id": 2540, "label": "108"}
{"id": 2541, "label": "112"}
{"id": 2542, "label": "101"}
{"id": 2543, "label": "101"}
{"id": 2544, "label": "101"}
{"id": 2545, "label": "102"}
{"id": 2546, "label": "108"}
{"id": 2547, "label": "113"}
{"id": 2548, "label": "108"}
{"id": 2549, "label": "113"}
{"id": 2550, "label": "115"}
{"id": 2551, "label": "107"}
{"id": 2552, "label": "101"}
{"id": 2553, "label": "115"}
{"id": 2554, "label": "107"}
{"id": 2555, "label": "108"}
{"id": 2556, "label": "116"}
{"id": 2557, "label": "101"}
{"id": 2558, "label": "109"}
{"id": 2559, "label": "109"}
{"id": 2560, "label": "110"}
{"id": 2561, "label": "113"}
{"id": 2562, "label": "113"}
{"id": 2563, "label": "104"}
{"id": 2564, "label": "102"}
{"id": 2565, "label": "101"}
{"id": 2566, "label": "101"}
{"id": 2567, "label": "101"}
{"id": 2568, "label": "110"}
{"id": 2569, "label": "101"}
{"id": 2570, "label": "101"}
{"id": 2571, "label": "107"}
{"id": 2572, "label": "104"}
{"id": 2573, "label": "104"}
{"id": 2574, "label": "109"}
{"id": 2575, "label": "107"}
{"id": 2576, "label": "107"}
{"id": 2577, "label": "101"}
{"id": 2578, "label": "104"}
{"id": 2579, "label": "109"}
{"id": 2580, "label": "108"}
{"id": 2581, "label": "115"}
{"id": 2582, "label": "112"}
{"id": 2583, "label": "101"}
{"id": 2584, "label": "112"}
{"id": 2585, "label": "112"}
{"id": 2586, "label": "110"}
{"id": 2587, "label": "110"}
{"id": 2588, "label": "104"}
{"id": 2589, "label": "108"}
{"id": 2590, "label": "113"}
{"id": 2591, "label": "110"}
{"id": 2592, "label": "107"}
{"id": 2593, "label": "104"}
{"id": 2594, "label": "104"}
{"id": 2595, "label": "107"}
{"id": 2596, "label": "103"}
{"id": 2597, "label": "107"}
{"id": 2598, "label": "115"}
{"id": 2599, "label": "110"}
{"id": 2600, "label": "104"}
{"id": 2601, "label": "112"}
{"id": 2602, "label": "110"}
{"id": 2603, "label": "103"}
{"id": 2604, "label": "101"}
{"id": 2605, "label": "104"}
{"id": 2606, "label": "104"}
{"id": 2607, "label": "108"}
{"id": 2608, "label": "110"}
{"id": 2609, "label": "113"}
{"id": 2610, "label": "101"}
{"id": 2611, "label": "115"}
{"id": 2612, "label": "110"}
{"id": 2613, "label": "110"}
{"id": 2614, "label": "107"}
{"id": 2615, "label": "102"}
{"id": 2616, "label": "110"}
{"id": 2617, "label": "113"}
{"id": 2618, "label": "110"}
{"id": 2619, "label": "102"}
{"id": 2620, "label": "108"}
{"id": 2621, "label": "102"}
{"id": 2622, "label": "110"}
{"id": 2623, "label": "104"}
{"id": 2624, "label": "115"}
{"id": 2625, "label": "104"}
{"id": 2626, "label": "112"}
{"id": 2627, "label": "109"}
{"id": 2628, "label": "110"}
{"id": 2629, "label": "109"}
{"id": 2630, "label": "110"}
{"id": 2631, "label": "110"}
{"id": 2632, "label": "110"}
{"id": 2633, "label": "112"}
{"id": 2634, "label": "110"}
{"id": 2635, "label": "115"}
{"id": 2636, "label": "108"}
{"id": 2637, "label": "104"}
{"id": 2638, "label": "107"}
{"id": 2639, "label": "115"}
{"id": 2640, "label": "110"}
{"id": 2641, "label": "104"}
{"id": 2642, "label": "104"}
{"id": 2643, "label": "103"}
{"id": 2644, "label": "101"}
{"id": 2645, "label": "109"}
{"id": 2646, "label": "101"}
{"id": 2647, "label": "103"}
{"id": 2648, "label": "101"}
{"id": 2649, "label": "110"}
{"id": 2650, "label": "101"}
{"id": 2651, "label": "101"}
{"id": 2652, "label": "103"}
{"id": 2653, "label": "103"}
{"id": 2654, "label": "109"}
{"id": 2655, "label": "113"}
{"id": 2656, "label": "113"}
{"id": 2657, "label": "104"}
{"id": 2658, "label": "110"}
{"id": 2659, "label": "104"}
{"id": 2660, "label": "107"}
{"id": 2661, "label": "104"}
{"id": 2662, "label": "110"}
{"id": 2663, "label": "108"}
{"id": 2664, "label": "109"}
{"id": 2665, "label": "101"}
{"id": 2666, "label": "101"}
{"id": 2667, "label": "104"}
{"id": 2668, "label": "103"}
{"id": 2669, "label": "104"}
{"id": 2670, "label": "104"}
{"id": 2671, "label": "110"}
{"id": 2672, "label": "104"}
{"id": 2673, "label": "109"}
{"id": 2674, "label": "108"}
{"id": 2675, "label": "101"}
{"id": 2676, "label": "101"}
{"id": 2677, "label": "115"}
{"id": 2678, "label": "108"}
{"id": 2679, "label": "113"}
{"id": 2680, "label": "115"}
{"id": 2681, "label": "113"}
{"id": 2682, "label": "113"}
{"id": 2683, "label": "109"}
{"id": 2684, "label": "101"}
{"id": 2685, "label": "109"}
{"id": 2686, "label": "104"}
{"id": 2687, "label": "110"}
{"id": 2688, "label": "102"}
{"id": 2689, "label": "104"}
{"id": 2690, "label": "110"}
{"id": 2691, "label": "101"}
{"id": 2692, "label": "115"}
{"id": 2693, "label": "112"}
{"id": 2694, "label": "101"}
{"id": 2695, "label": "107"}
{"id": 2696, "label": "109"}
{"id": 2697, "label": "102"}
{"id": 2698, "label": "107"}
{"id": 2699, "label": "101"}
{"id": 2700, "label": "101"}
{"id": 2701, "label": "103"}
{"id": 2702, "label": "101"}
{"id": 2703, "label": "110"}
{"id": 2704, "label": "101"}
{"id": 2705, "label": "109"}
{"id": 2706, "label": "110"}
{"id": 2707, "label": "109"}
{"id": 2708, "label": "108"}
{"id": 2709, "label": "110"}
{"id": 2710, "label": "112"}
{"id": 2711, "label": "109"}
{"id": 2712, "label": "102"}
{"id": 2713, "label": "104"}
{"id": 2714, "label": "110"}
{"id": 2715, "label": "108"}
{"id": 2716, "label": "110"}
{"id": 2717, "label": "107"}
{"id": 2718, "label": "107"}
{"id": 2719, "label": "102"}
{"id": 2720, "label": "110"}
{"id": 2721, "label": "108"}
{"id": 2722, "label": "101"}
{"id": 2723, "label": "110"}
{"id": 2724, "label": "109"}
{"id": 2725, "label": "115"}
{"id": 2726, "label": "101"}
{"id": 2727, "label": "107"}
{"id": 2728, "label": "108"}
{"id": 2729, "label": "108"}
{"id": 2730, "label": "110"}
{"id": 2731, "label": "103"}
{"id": 2732, "label": "101"}
{"id": 2733, "label": "107"}
{"id": 2734, "label": "109"}
{"id": 2735, "label": "114"}
{"id": 2736, "label": "110"}
{"id": 2737, "label": "104"}
{"id": 2738, "label": "101"}
{"id": 2739, "label": "107"}
{"id": 2740, "label": "101"}
{"id": 2741, "label": "113"}
{"id": 2742, "label": "115"}
{"id": 2743, "label": "104"}
{"id": 2744, "label": "112"}
{"id": 2745, "label": "101"}
{"id": 2746, "label": "101"}
{"id": 2747, "label": "109"}
{"id": 2748, "label": "112"}
{"id": 2749, "label": "104"}
{"id": 2750, "label": "106"}
{"id": 2751, "label": "110"}
{"id": 2752, "label": "104"}
{"id": 2753, "label": "110"}
{"id": 2754, "label": "110"}
{"id": 2755, "label": "104"}
{"id": 2756, "label": "109"}
{"id": 2757, "label": "104"}
{"id": 2758, "label": "110"}
{"id": 2759, "label": "101"}
{"id": 2760, "label": "103"}
{"id": 2761, "label": "104"}
{"id": 2762, "label": "110"}
{"id": 2763, "label": "101"}
{"id": 2764, "label": "108"}
{"id": 2765, "label": "110"}
{"id": 2766, "label": "110"}
{"id": 2767, "label": "101"}
{"id": 2768, "label": "109"}
{"id": 2769, "label": "108"}
{"id": 2770, "label": "109"}
{"id": 2771, "label": "101"}
{"id": 2772, "label": "109"}
{"id": 2773, "label": "108"}
{"id": 2774, "label": "103"}
{"id": 2775, "label": "107"}
{"id": 2776, "label": "107"}
{"id": 2777, "label": "110"}
{"id": 2778, "label": "104"}
{"id": 2779, "label": "101"}
{"id": 2780, "label": "107"}
{"id": 2781, "label": "109"}
{"id": 2782, "label": "107"}
{"id": 2783, "label": "101"}
{"id": 2784, "label": "113"}
{"id": 2785, "label": "101"}
{"id": 2786, "label": "102"}
{"id": 2787, "label": "115"}
{"id": 2788, "label": "104"}
{"id": 2789, "label": "113"}
{"id": 2790, "label": "101"}
{"id": 2791, "label": "104"}
{"id": 2792, "label": "108"}
{"id": 2793, "label": "101"}
{"id": 2794, "label": "110"}
{"id": 2795, "label": "104"}
{"id": 2796, "label": "108"}
{"id": 2797, "label": "102"}
{"id": 2798, "label": "101"}
{"id": 2799, "label": "101"}
{"id": 2800, "label": "109"}
{"id": 2801, "label": "109"}
{"id": 2802, "label": "102"}
{"id": 2803, "label": "102"}
{"id": 2804, "label": "116"}
{"id": 2805, "label": "100"}
{"id": 2806, "label": "101"}
{"id": 2807, "label": "100"}
{"id": 2808, "label": "104"}
{"id": 2809, "label": "107"}
{"id": 2810, "label": "107"}
{"id": 2811, "label": "108"}
{"id": 2812, "label": "114"}
{"id": 2813, "label": "113"}
{"id": 2814, "label": "110"}
{"id": 2815, "label": "101"}
{"id": 2816, "label": "112"}
{"id": 2817, "label": "103"}
{"id": 2818, "label": "110"}
{"id": 2819, "label": "102"}
{"id": 2820, "label": "101"}
{"id": 2821, "label": "101"}
{"id": 2822, "label": "109"}
{"id": 2823, "label": "101"}
{"id": 2824, "label": "112"}
{"id": 2825, "label": "110"}
{"id": 2826, "label": "113"}
{"id": 2827, "label": "109"}
{"id": 2828, "label": "110"}
{"id": 2829, "label": "108"}
{"id": 2830, "label": "110"}
{"id": 2831, "label": "116"}
{"id": 2832, "label": "113"}
{"id": 2833, "label": "107"}
{"id": 2834, "label": "113"}
{"id": 2835, "label": "112"}
{"id": 2836, "label": "110"}
{"id": 2837, "label": "109"}
{"id": 2838, "label": "101"}
{"id": 2839, "label": "115"}
{"id": 2840, "label": "115"}
{"id": 2841, "label": "109"}
{"id": 2842, "label": "113"}
{"id": 2843, "label": "107"}
{"id": 2844, "label": "103"}
{"id": 2845, "label": "107"}
{"id": 2846, "label": "109"}
{"id": 2847, "label": "107"}
{"id": 2848, "label": "102"}
{"id": 2849, "label": "102"}
{"id": 2850, "label": "102"}
{"id": 2851, "label": "101"}
{"id": 2852, "label": "109"}
{"id": 2853, "label": "110"}
{"id": 2854, "label": "101"}
{"id": 2855, "label": "107"}
{"id": 2856, "label": "101"}
{"id": 2857, "label": "109"}
{"id": 2858, "label": "103"}
{"id": 2859, "label": "110"}
{"id": 2860, "label": "109"}
{"id": 2861, "label": "101"}
{"id": 2862, "label": "110"}
{"id": 2863, "label": "101"}
{"id": 2864, "label": "104"}
{"id": 2865, "label": "104"}
{"id": 2866, "label": "109"}
{"id": 2867, "label": "107"}
{"id": 2868, "label": "113"}
{"id": 2869, "label": "110"}
{"id": 2870, "label": "101"}
{"id": 2871, "label": "104"}
{"id": 2872, "label": "108"}
{"id": 2873, "label": "101"}
{"id": 2874, "label": "112"}
{"id": 2875, "label": "104"}
{"id": 2876, "label": "107"}
{"id": 2877, "label": "108"}
{"id": 2878, "label": "101"}
{"id": 2879, "label": "104"}
{"id": 2880, "label": "101"}
{"id": 2881, "label": "106"}
{"id": 2882, "label": "110"}
{"id": 2883, "label": "101"}
{"id": 2884, "label": "101"}
{"id": 2885, "label": "107"}
{"id": 2886, "label": "107"}
{"id": 2887, "label": "104"}
{"id": 2888, "label": "107"}
{"id": 2889, "label": "110"}
{"id": 2890, "label": "110"}
{"id": 2891, "label": "107"}
{"id": 2892, "label": "109"}
{"id": 2893, "label": "110"}
{"id": 2894, "label": "104"}
{"id": 2895, "label": "110"}
{"id": 2896, "label": "115"}
{"id": 2897, "label": "107"}
{"id": 2898, "label": "110"}
{"id": 2899, "label": "110"}
{"id": 2900, "label": "110"}
{"id": 2901, "label": "104"}
{"id": 2902, "label": "107"}
{"id": 2903, "label": "101"}
{"id": 2904, "label": "112"}
{"id": 2905, "label": "104"}
{"id": 2906, "label": "104"}
{"id": 2907, "label": "110"}
{"id": 2908, "label": "109"}
{"id": 2909, "label": "107"}
{"id": 2910, "label": "112"}
{"id": 2911, "label": "109"}
{"id": 2912, "label": "101"}
{"id": 2913, "label": "110"}
{"id": 2914, "label": "103"}
{"id": 2915, "label": "104"}
{"id": 2916, "label": "110"}
{"id": 2917, "label": "110"}
{"id": 2918, "label": "101"}
{"id": 2919, "label": "110"}
{"id": 2920, "label": "107"}
{"id": 2921, "label": "115"}
{"id": 2922, "label": "109"}
{"id": 2923, "label": "110"}
{"id": 2924, "label": "110"}
{"id": 2925, "label": "101"}
{"id": 2926, "label": "110"}
{"id": 2927, "label": "110"}
{"id": 2928, "label": "104"}
{"id": 2929, "label": "103"}
{"id": 2930, "label": "112"}
{"id": 2931, "label": "110"}
{"id": 2932, "label": "101"}
{"id": 2933, "label": "101"}
{"id": 2934, "label": "101"}
{"id": 2935, "label": "115"}
{"id": 2936, "label": "104"}
{"id": 2937, "label": "104"}
{"id": 2938, "label": "104"}
{"id": 2939, "label": "109"}
{"id": 2940, "label": "110"}
{"id": 2941, "label": "104"}
{"id": 2942, "label": "112"}
{"id": 2943, "label": "110"}
{"id": 2944, "label": "110"}
{"id": 2945, "label": "107"}
{"id": 2946, "label": "104"}
{"id": 2947, "label": "113"}
{"id": 2948, "label": "104"}
{"id": 2949, "label": "113"}
{"id": 2950, "label": "101"}
{"id": 2951, "label": "102"}
{"id": 2952, "label": "110"}
{"id": 2953, "label": "104"}
{"id": 2954, "label": "104"}
{"id": 2955, "label": "115"}
{"id": 2956, "label": "112"}
{"id": 2957, "label": "112"}
{"id": 2958, "label": "107"}
{"id": 2959, "label": "103"}
{"id": 2960, "label": "107"}
{"id": 2961, "label": "100"}
{"id": 2962, "label": "104"}
{"id": 2963, "label": "110"}
{"id": 2964, "label": "113"}
{"id": 2965, "label": "101"}
{"id": 2966, "label": "101"}
{"id": 2967, "label": "101"}
{"id": 2968, "label": "112"}
{"id": 2969, "label": "109"}
{"id": 2970, "label": "100"}
{"id": 2971, "label": "115"}
{"id": 2972, "label": "112"}
{"id": 2973, "label": "104"}
{"id": 2974, "label": "112"}
{"id": 2975, "label": "110"}
{"id": 2976, "label": "110"}
{"id": 2977, "label": "104"}
{"id": 2978, "label": "101"}
{"id": 2979, "label": "107"}
{"id": 2980, "label": "101"}
{"id": 2981, "label": "101"}
{"id": 2982, "label": "104"}
{"id": 2983, "label": "107"}
{"id": 2984, "label": "113"}
{"id": 2985, "label": "104"}
{"id": 2986, "label": "113"}
{"id": 2987, "label": "113"}
{"id": 2988, "label": "112"}
{"id": 2989, "label": "110"}
{"id": 2990, "label": "101"}
{"id": 2991, "label": "102"}
{"id": 2992, "label": "104"}
{"id": 2993, "label": "113"}
{"id": 2994, "label": "112"}
{"id": 2995, "label": "102"}
{"id": 2996, "label": "113"}
{"id": 2997, "label": "103"}
{"id": 2998, "label": "101"}
{"id": 2999, "label": "104"}